"corpus","AranRusi_x"
"subcorpus","-"
"concordance size","8070"
"query","Query:[] [word=""цель""]"
"преследовать",70,1947,8.35158,9.12127,7.83912
"перед",131,47860,11.17557,5.40591,6.26209
"попадание",26,3107,5.05968,7.01815,6.25219
"поставить",71,22869,8.25093,5.58766,6.23261
"четко",32,6020,5.58815,6.36347,6.21762
"ставить",36,12898,5.86122,5.43409,5.81402
"сформулировать",17,2453,4.08470,6.74615,5.72620
"попадать",23,7346,4.69694,5.59984,5.61142
"точно",38,17658,5.97948,5.05891,5.59688
"попасть",30,16025,5.28834,4.85788,5.35044
"наведение",10,783,3.14629,7.62808,5.20998
"каков",11,4749,3.22418,5.16505,4.81344
"объединять",10,3623,3.08831,5.41798,4.80857
"обозначить",8,3125,2.75710,5.30938,4.54943
"ведь",41,50297,5.89601,3.65839,4.52469
"главный",42,57101,5.91192,3.51011,4.40037
"ракета",7,3229,2.56696,5.06950,4.34345
"миссия",7,3585,2.55827,4.91862,4.29869
"мотив",7,4309,2.54061,4.65324,4.21175
"определить",14,17999,3.43110,3.59075,4.13731
"правильно",13,16625,3.30787,3.59839,4.10851
"пуля",5,1672,2.18779,5.53359,4.07193
"смысл",15,21364,3.51687,3.44302,4.06169
"реализовать",9,9862,2.78777,3.82128,4.03968
"объяснить",8,8164,2.64208,3.92396,4.01327
"преследоваться",4,153,1.99506,8.66163,3.99455
"метание",4,333,1.98925,7.53964,3.96331
"иметь",67,133332,7.13374,2.96045,3.95665
"достигаться",5,2543,2.16265,4.92863,3.94838
"формулировать",4,505,1.98370,6.93888,3.93408
"достигнуть",8,9252,2.61725,3.74347,3.91968
"заход",4,738,1.97618,6.39154,3.89540
"осуществить",6,5396,2.30727,4.10631,3.86793
"поразить",5,3488,2.13536,4.47277,3.82532
"предмет",13,22339,3.20556,3.17218,3.80823
"достичь",5,3675,2.12996,4.39742,3.80217
"если",118,271599,9.24863,2.75055,3.78928
"ясно",5,3781,2.12690,4.35640,3.78921
"наш",77,180164,7.44946,2.72686,3.74462
"атака",5,4196,2.11492,4.20615,3.73955
"актуальность",4,1813,1.94148,5.09486,3.72927
"изначально",5,5115,2.08839,3.92043,3.63532
"ее",35,84491,4.99407,2.68179,3.63117
"себя",71,180359,7.04428,2.60826,3.62609
"основной",27,67790,4.35390,2.62512,3.54384
"поскольку",12,26098,2.97772,2.83233,3.52460
"идеал",4,3348,1.89193,4.20994,3.52098
"суть",7,12025,2.35233,3.17263,3.51281
"воедино",3,582,1.71036,6.31911,3.50614
"указать",9,18226,2.60778,2.93524,3.48737
"лишь",18,44965,3.55842,2.63243,3.47527
"конечный",5,6900,2.03685,3.48857,3.45214
"наводить",3,1003,1.69467,5.53388,3.43760
"желание",10,22909,2.69458,2.75732,3.40293
"ориентир",3,1376,1.68076,5.07772,3.37947
"атаковать",3,1447,1.67812,5.00513,3.36867
"фигура",5,7817,2.01038,3.30855,3.36637
"умение",5,7847,2.00951,3.30302,3.36365
"итак",5,8093,2.00241,3.25849,3.34152
"заключаться",6,11336,2.15072,3.03536,3.34075
"гипотеза",3,1717,1.66805,4.75831,3.32831
"ясный",4,5178,1.83286,3.58084,3.30651
"прямо",7,15482,2.26797,2.80807,3.28379
"ибо",5,8834,1.98102,3.13210,3.27685
"видеть",15,42681,3.16153,2.44461,3.27574
"чей",4,5822,1.81207,3.41172,3.23803
"какая-то",3,2509,1.63853,4.21109,3.21605
"его",52,176306,5.63268,2.19174,3.20815
"разделять",3,2605,1.63495,4.15692,3.20301
"главное",7,17310,2.22337,2.64706,3.17595
"поймать",3,2931,1.62280,3.98681,3.15962
"мечта",4,6655,1.78518,3.21880,3.15402
"акция",7,18112,2.20380,2.58172,3.13107
"насколько",5,10711,1.92682,2.85414,3.12494
"долгосрочный",3,3412,1.60487,3.76758,3.09788
"законопроект",3,3586,1.59839,3.69582,3.07618
"вполне",7,19240,2.17628,2.49456,3.07021
"бить",3,4050,1.58109,3.52028,3.01986
"наводиться",2,13,1.41362,11.21858,3.01932
"дебафф",2,13,1.41362,11.21858,3.01932
"бьть",2,17,1.41344,10.83156,3.01861
"преследующие",2,26,1.41303,10.21858,3.01701
"вышеизложенный",2,136,1.40801,7.83156,2.99754
"маскировать",2,171,1.40641,7.50117,2.99140
"таков",3,4389,1.56846,3.40431,2.98006
"значимый",3,4525,1.56339,3.36028,2.96440
"мячик",2,331,1.39910,6.54833,2.96365
"вот",22,85643,3.51162,1.99241,2.94347
"абсурд",2,453,1.39353,6.09565,2.94285
"просматриваться",2,525,1.39025,5.88285,2.93072
"единственный",6,17754,1.98156,2.38813,2.92854
"их",29,116889,3.98386,1.94222,2.92689
"тренинг",3,4917,1.54878,3.24042,2.92018
"учащийся",4,9278,1.70051,2.73942,2.91752
"пр.",3,5056,1.54360,3.20020,2.90482
"какой",22,88200,3.47643,1.94996,2.90463
".",1368,5982152,26.54478,1.82464,2.90367
"выбрать",9,31791,2.31587,2.13262,2.88723
"какую-нибудь",2,803,1.37756,5.26977,2.88479
"реально",3,5264,1.53584,3.14204,2.88214
"граната",2,826,1.37651,5.22902,2.88106
"угодить",2,834,1.37614,5.21512,2.87976
"именно",17,68413,3.05190,1.94450,2.86461
"провокация",2,959,1.37044,5.01363,2.85965
"пособие",3,5481,1.52776,3.08376,2.85885
"навести",2,1054,1.36610,4.87736,2.84455
"оправдывать",2,1097,1.36414,4.81967,2.83777
"задача",10,39410,2.35771,1.97468,2.78690
"поэтому",18,77490,3.06350,1.84722,2.78528
"обнаруживать",2,1514,1.34510,4.35487,2.77359
"понимать",8,30324,2.13628,2.03085,2.77141
"упоминать",2,1529,1.34441,4.34065,2.77133
"предназначение",2,1529,1.34441,4.34065,2.77133
"видимо",3,6362,1.49492,2.86872,2.76798
"тезис",2,1552,1.34336,4.31911,2.76788
"вторая",3,6376,1.49440,2.86555,2.76658
"характер",6,20990,1.89627,2.14657,2.75822
"стрела",2,1783,1.33282,4.11893,2.73365
"выстрел",2,1912,1.32693,4.01815,2.71489
"какую-то",2,1925,1.32634,4.00838,2.71301
"превысить",2,1969,1.32433,3.97577,2.70667
"заказчик",4,12298,1.60303,2.33289,2.68598
"достигать",3,7407,1.45597,2.64931,2.66712
"организатор",3,7417,1.45560,2.64736,2.66619
"социализм",2,2415,1.30397,3.68121,2.64396
"ориентация",2,2433,1.30315,3.67050,2.64149
"осознать",2,2477,1.30114,3.64464,2.63545
"импульс",2,2484,1.30082,3.64057,2.63450
"закрыть",3,7823,1.44046,2.57048,2.62886
"уверенно",2,2632,1.29406,3.55708,2.61441
"идеология",2,2711,1.29046,3.51441,2.60380
"указываться",2,2714,1.29032,3.51282,2.60340
"некий",3,8107,1.42988,2.51903,2.60331
"принцип",6,24659,1.79957,1.91416,2.58668
"вначале",2,2840,1.28457,3.44735,2.58664
"ориентировать",2,2846,1.28429,3.44430,2.58584
"продвижение",3,8305,1.42250,2.48422,2.58576
"менее",5,19388,1.67630,1.99807,2.57699
"потому",10,47843,2.18555,1.69493,2.55103
"должный",24,126669,3.22973,1.55328,2.54515
"закрывать",2,3182,1.26895,3.28330,2.54211
"аналитик",2,3184,1.26886,3.28240,2.54185
"забывать",3,8882,1.40099,2.38732,2.53579
"вставать",2,3273,1.26480,3.24262,2.53049
"мяч",2,3311,1.26307,3.22597,2.52566
"намерение",2,3447,1.25686,3.16790,2.50852
"мой",17,90356,2.70832,1.54315,2.50071
"Во-вторых",2,3660,1.24713,3.08139,2.48208
"заложить",2,3787,1.24134,3.03218,2.46655
"уточнить",2,3789,1.24125,3.03142,2.46631
"выделяться",2,3915,1.23549,2.98423,2.45106
"наименование",2,3938,1.23444,2.97577,2.44829
"е.",4,16331,1.47284,1.92370,2.42535
"представляться",2,4168,1.22394,2.89388,2.42092
"официально",2,4240,1.22066,2.86917,2.41246
"маркетинг",2,4252,1.22011,2.86510,2.41105
"самый",30,176998,3.39098,1.39254,2.40919
"рекламный",3,10455,1.34236,2.15208,2.40778
"заходить",2,4322,1.21691,2.84154,2.40288
"это",92,565016,5.78869,1.33465,2.39517
"найти",10,54336,2.05299,1.51133,2.39253
"марка",3,10668,1.33442,2.12298,2.39128
"выяснить",2,4558,1.20614,2.76484,2.37566
"итог",5,23647,1.55334,1.71158,2.36896
"проект",12,68391,2.18953,1.44247,2.36253
"уметь",3,11135,1.31701,2.06117,2.35577
"стремление",2,4778,1.19610,2.69683,2.35074
"автоматически",2,4902,1.19044,2.65987,2.33689
"отражать",2,4919,1.18966,2.65487,2.33500
"нож",2,4955,1.18802,2.64435,2.33100
"сущность",2,4957,1.18793,2.64377,2.33078
"эффективно",2,5042,1.18405,2.61924,2.32140
"падать",2,5043,1.18400,2.61896,2.32129
"виза",2,5095,1.18163,2.60416,2.31558
"Израиль",2,5215,1.17615,2.57057,2.30249
"реформа",2,5220,1.17592,2.56919,2.30195
"объект",7,38472,1.70700,1.49486,2.30111
"предлагаться",2,5259,1.17414,2.55845,2.29772
"поход",2,5262,1.17400,2.55763,2.29739
"что",138,918076,6.70193,1.21929,2.28764
"задать",2,5372,1.16898,2.52778,2.28554
"помнить",4,18819,1.39253,1.71912,2.28527
"наиболее",6,32458,1.59402,1.51770,2.27833
"назначение",3,12292,1.27389,1.91855,2.27137
"важный",8,46387,1.76964,1.41759,2.26717
"сейчас",10,60366,1.92988,1.35950,2.25946
"определять",3,12500,1.26614,1.89434,2.25671
"кампания",2,5699,1.15405,2.44253,2.25086
"следовательно",2,5729,1.15268,2.43495,2.24772
"?",43,289574,3.70654,1.20171,2.24304
"спрашивать",2,5959,1.14218,2.37817,2.22388
"собственно",2,5997,1.14045,2.36900,2.21997
"явно",2,6065,1.13735,2.35273,2.21302
"осуществлять",3,13144,1.24213,1.82187,2.21223
"фактически",2,6105,1.13552,2.34325,2.20894
"эксперимент",2,6140,1.13392,2.33500,2.20538
"курс",5,27608,1.43898,1.48815,2.19918
"массаж",2,6224,1.13009,2.31540,2.19688
"пытаться",4,20905,1.32520,1.56746,2.17748
"когда",20,138135,2.47804,1.16523,2.16429
"еще",23,160536,2.63478,1.15005,2.16027
"мероприятие",5,28612,1.40999,1.43662,2.15914
"сообщество",2,6719,1.10749,2.20499,2.14776
"понятие",3,14171,1.20385,1.71333,2.14403
"терапия",2,6808,1.10343,2.18601,2.13911
"победа",3,14312,1.19860,1.69905,2.13491
"существо",2,6934,1.09768,2.15955,2.12694
"образ",9,60088,1.70693,1.21416,2.11333
"диета",2,7080,1.09101,2.12949,2.11297
"--",109,817620,5.38444,1.04614,2.11294
"мера",5,30056,1.36830,1.36558,2.10344
"действительно",4,22457,1.27510,1.46414,2.10220
"способный",4,22618,1.26990,1.45384,2.09461
"тест",2,7539,1.07006,2.03886,2.06991
"быть",125,979501,5.52437,0.98312,2.05226
"хоть",3,15636,1.14925,1.57140,2.05200
"воля",2,7765,1.05974,1.99625,2.04917
"введение",2,7783,1.05892,1.99291,2.04753
"концепция",2,7800,1.05814,1.98976,2.04599
"общество",5,31624,1.32303,1.29222,2.04529
"только",29,222892,2.71307,1.01102,2.04069
"появляться",3,15859,1.14094,1.55097,2.03849
"деятельность",8,55801,1.55477,1.15102,2.03713
"невозможно",2,7979,1.04997,1.95703,2.02980
"знать",11,80672,1.74632,1.07867,2.02210
"ГТЭУ",1,1,0.99994,13.91902,2.02147
"Copycat",1,1,0.99994,13.91902,2.02147
"www.labup.ru...✂",1,1,0.99994,13.91902,2.02147
"выиискивая",1,1,0.99994,13.91902,2.02147
"Стэплдона",1,1,0.99994,13.91902,2.02147
"опреации",1,1,0.99994,13.91902,2.02147
"криптопати",1,1,0.99994,13.91902,2.02147
"мини-тренинге",1,1,0.99994,13.91902,2.02147
"инграциация",1,1,0.99994,13.91902,2.02147
"поражавшим",1,1,0.99994,13.91902,2.02147
"имитировавшую",1,1,0.99994,13.91902,2.02147
"Анташева",1,1,0.99994,13.91902,2.02147
"Эзотерик",1,1,0.99994,13.91902,2.02147
"Подкрепляем",1,1,0.99994,13.91902,2.02147
"http://www.antidi.org.ua/...✂",1,1,0.99994,13.91902,2.02147
"EV2610K830",1,1,0.99994,13.91902,2.02147
"Старовойте",1,1,0.99994,13.91902,2.02147
"http://8142.ru/...✂",1,1,0.99994,13.91902,2.02147
"заводчицы",1,1,0.99994,13.91902,2.02147
"Blackenergy",1,1,0.99994,13.91902,2.02147
"рассказ-заключение",1,1,0.99994,13.91902,2.02147
"Эсмархом",1,1,0.99994,13.91902,2.02147
"66457",1,1,0.99994,13.91902,2.02147
"вакциномания",1,1,0.99994,13.91902,2.02147
"Витулкасу",1,1,0.99994,13.91902,2.02147
"примерность",1,1,0.99994,13.91902,2.02147
"илшь",1,1,0.99994,13.91902,2.02147
"подшучивания",1,1,0.99994,13.91902,2.02147
"наводчик-оператор",1,1,0.99994,13.91902,2.02147
"ДонСнаб",1,1,0.99994,13.91902,2.02147
"навестись",1,1,0.99994,13.91902,2.02147
"дирет-мэйл",1,1,0.99994,13.91902,2.02147
"обреcти",1,1,0.99994,13.91902,2.02147
"целящийся",1,1,0.99994,13.91902,2.02147
"аудиторство",1,2,0.99987,12.91902,2.02129
"Чэню",1,2,0.99987,12.91902,2.02129
"впечатается",1,2,0.99987,12.91902,2.02129
"No1а",1,2,0.99987,12.91902,2.02129
"фосок",1,2,0.99987,12.91902,2.02129
"Интегрирующая",1,2,0.99987,12.91902,2.02129
"подструктуры",1,2,0.99987,12.91902,2.02129
"Helga",1,2,0.99987,12.91902,2.02129
"отодвигаешь",1,2,0.99987,12.91902,2.02129
"фотосайт",1,2,0.99987,12.91902,2.02129
"Паранирвана",1,2,0.99987,12.91902,2.02129
"кибератакой",1,2,0.99987,12.91902,2.02129
"микротик",1,2,0.99987,12.91902,2.02129
"к5",1,2,0.99987,12.91902,2.02129
"быстее",1,2,0.99987,12.91902,2.02129
"баскетболисток",1,2,0.99987,12.91902,2.02129
"достиг-таки",1,2,0.99987,12.91902,2.02129
"зачеркиваю",1,2,0.99987,12.91902,2.02129
"Bomann",1,3,0.99981,12.33406,2.02111
"Вио",1,3,0.99981,12.33406,2.02111
"директ-мэйл",1,3,0.99981,12.33406,2.02111
"пикировал",1,3,0.99981,12.33406,2.02111
"Сказанным",1,3,0.99981,12.33406,2.02111
"наводился",1,3,0.99981,12.33406,2.02111
"летаргию",1,3,0.99981,12.33406,2.02111
"приводившемся",1,3,0.99981,12.33406,2.02111
"наводились",1,3,0.99981,12.33406,2.02111
"Наметив",1,3,0.99981,12.33406,2.02111
"уловленную",1,3,0.99981,12.33406,2.02111
"греющая",1,4,0.99974,11.91902,2.02093
"Политтехнологии",1,4,0.99974,11.91902,2.02093
"перерастающая",1,4,0.99974,11.91902,2.02093
"Кучерявенко",1,4,0.99974,11.91902,2.02093
"противоракета",1,4,0.99974,11.91902,2.02093
"скрывающими",1,4,0.99974,11.91902,2.02093
"попадающему",1,4,0.99974,11.91902,2.02093
"Цзюнь",1,5,0.99968,11.59709,2.02075
"атакуйте",1,5,0.99968,11.59709,2.02075
"агрогородках",1,5,0.99968,11.59709,2.02075
"приследует",1,5,0.99968,11.59709,2.02075
"двуручник",1,5,0.99968,11.59709,2.02075
"сплотился",1,6,0.99961,11.33406,2.02057
"Озвученная",1,6,0.99961,11.33406,2.02057
"преследуемую",1,6,0.99961,11.33406,2.02057
"перечитай",1,6,0.99961,11.33406,2.02057
"преследующим",1,6,0.99961,11.33406,2.02057
"пикирует",1,7,0.99955,11.11167,2.02040
"Internet.org",1,7,0.99955,11.11167,2.02040
"Воспламенение",1,7,0.99955,11.11167,2.02040
"Galactic",1,7,0.99955,11.11167,2.02040
"дробина",1,7,0.99955,11.11167,2.02040
"гольба",1,8,0.99948,10.91902,2.02022
"СФТИ",1,8,0.99948,10.91902,2.02022
"липолитиков",1,8,0.99948,10.91902,2.02022
"недостижимую",1,8,0.99948,10.91902,2.02022
"компания-заказчик",1,9,0.99942,10.74910,2.02004
"краниосакральной",1,9,0.99942,10.74910,2.02004
"тейк-профит",1,9,0.99942,10.74910,2.02004
"метнули",1,9,0.99942,10.74910,2.02004
"спекулятивно",1,9,0.99942,10.74910,2.02004
"пистолета-пулемета",1,9,0.99942,10.74910,2.02004
"12.10.2011",1,9,0.99942,10.74910,2.02004
"вумбилдинг",1,9,0.99942,10.74910,2.02004
"хотелку",1,9,0.99942,10.74910,2.02004
"Арапу",1,10,0.99935,10.59709,2.01986
"материализовывать",1,10,0.99935,10.59709,2.01986
"наведёт",1,11,0.99929,10.45959,2.01968
"каталонцы",1,11,0.99929,10.45959,2.01968
"преследующий",1,12,0.99923,10.33406,2.01950
"состовлять",1,12,0.99923,10.33406,2.01950
"розыгрышу",1,12,0.99923,10.33406,2.01950
"подсистемах",1,12,0.99923,10.33406,2.01950
"GSU",1,13,0.99916,10.21858,2.01932
"косачев",1,14,0.99910,10.11167,2.01915
"формулируйте",1,14,0.99910,10.11167,2.01915
"Capri",1,14,0.99910,10.11167,2.01915
"услада",1,15,0.99903,10.01213,2.01897
"лохотроны",1,15,0.99903,10.01213,2.01897
"идентифицирована",1,16,0.99897,9.91902,2.01879
"преследующая",1,16,0.99897,9.91902,2.01879
"кобзарь",1,16,0.99897,9.91902,2.01879
"goal",1,17,0.99890,9.83156,2.01861
"спрингс",1,17,0.99890,9.83156,2.01861
"лоскутной",1,19,0.99877,9.67109,2.01825
"проецирует",1,20,0.99871,9.59709,2.01808
"преступному",1,20,0.99871,9.59709,2.01808
"сплотила",1,21,0.99864,9.52670,2.01790
"Pininfarina",1,22,0.99858,9.45959,2.01772
"волчанки",1,24,0.99845,9.33406,2.01736
"биткойн",1,25,0.99839,9.27517,2.01718
"Емелин",1,26,0.99832,9.21858,2.01701
"бьющий",1,27,0.99826,9.16413,2.01683
"метрика",1,27,0.99826,9.16413,2.01683
"штыка",1,27,0.99826,9.16413,2.01683
"материализовать",1,29,0.99813,9.06104,2.01647
"интернет-радио",1,29,0.99813,9.06104,2.01647
"15см",1,30,0.99806,9.01213,2.01629
"сваха",1,30,0.99806,9.01213,2.01629
"совершится",1,30,0.99806,9.01213,2.01629
"москит",1,31,0.99800,8.96483,2.01612
"межличностном",1,31,0.99800,8.96483,2.01612
"гий",1,34,0.99780,8.83156,2.01558
"Стрельце",1,35,0.99774,8.78974,2.01540
"глазная",1,35,0.99774,8.78974,2.01540
"Target",1,35,0.99774,8.78974,2.01540
"зажигательную",1,36,0.99768,8.74910,2.01523
"скак",1,37,0.99761,8.70957,2.01505
"преследуете",1,38,0.99755,8.67109,2.01487
"CFMOTO",1,38,0.99755,8.67109,2.01487
"малоэффективно",1,39,0.99748,8.63362,2.01469
"ЗУР",1,40,0.99742,8.59709,2.01451
"подкрепляют",1,41,0.99735,8.56147,2.01434
"реализовав",1,43,0.99722,8.49276,2.01398
"прагматично",1,43,0.99722,8.49276,2.01398
"тепловизор",1,44,0.99716,8.45959,2.01380
"Clio",1,45,0.99709,8.42717,2.01362
"обозначал",1,45,0.99709,8.42717,2.01362
"Рыбах",1,47,0.99697,8.36443,2.01327
"554",1,48,0.99690,8.33406,2.01309
"Флора",1,48,0.99690,8.33406,2.01309
"Козероге",1,49,0.99684,8.30431,2.01291
"променять",1,50,0.99677,8.27517,2.01274
"Ashley",1,50,0.99677,8.27517,2.01274
"заявках",1,51,0.99671,8.24660,2.01256
"Фостер",1,52,0.99664,8.21858,2.01238
"супервизия",1,52,0.99664,8.21858,2.01238
"эмиссар",1,55,0.99645,8.13766,2.01185
"обосновалась",1,55,0.99645,8.13766,2.01185
"пилингов",1,58,0.99626,8.06104,2.01132
"Титова",1,59,0.99619,8.03638,2.01114
"самопрезентация",1,64,0.99587,7.91902,2.01025
"кораблестроение",1,65,0.99580,7.89665,2.01007
"комбо",1,66,0.99574,7.87463,2.00990
"перекупщик",1,67,0.99567,7.85293,2.00972
"ТБЧ",1,68,0.99561,7.83156,2.00954
"МПГУ",1,72,0.99535,7.74910,2.00883
"сталкивать",1,73,0.99529,7.72920,2.00866
"пикетов",1,79,0.99490,7.61524,2.00759
"Вячеславу",1,80,0.99484,7.59709,2.00742
"эволюционно",1,81,0.99477,7.57917,2.00724
"ВГУ",1,86,0.99445,7.49276,2.00635
"очередь",4,24575,1.20673,1.33412,2.00543
"обеззараживание",1,93,0.99400,7.37986,2.00512
"Oreal",1,94,0.99393,7.36443,2.00494
"эргономики",1,97,0.99374,7.31911,2.00441
"окрашивании",1,97,0.99374,7.31911,2.00441
"емко",1,99,0.99361,7.28967,2.00406
"махинаций",1,101,0.99348,7.26081,2.00370
"джонсон",1,101,0.99348,7.26081,2.00370
"Шурртха",1,103,0.99335,7.23252,2.00335
"прозрачно",1,104,0.99329,7.21858,2.00317
"затерять",1,107,0.99309,7.17755,2.00264
"овна",1,110,0.99290,7.13766,2.00211
"выжидать",1,112,0.99277,7.11167,2.00176
"триз",1,116,0.99251,7.06104,2.00106
"утвердительно",1,119,0.99232,7.02420,2.00053
"траста",1,121,0.99219,7.00016,2.00018
"снисхождение",1,122,0.99212,6.98828,2.00000
"обстреливать",1,123,0.99206,6.97651,1.99982
"хоз",1,129,0.99167,6.90779,1.99877
"заведение",2,8328,1.03404,1.89527,1.99877
"чертик",1,130,0.99161,6.89665,1.99859
"первоочередный",1,153,0.99012,6.66163,1.99455
"подменить",1,161,0.98961,6.58810,1.99315
"ЗРК",1,163,0.98948,6.57029,1.99280
"енот",1,170,0.98902,6.50963,1.99157
"ронять",1,174,0.98877,6.47608,1.99087
"Геннадьевна",1,175,0.98870,6.46781,1.99070
"Луценко",1,177,0.98857,6.45142,1.99035
"мушка",1,179,0.98844,6.43521,1.99000
"РЛС",1,179,0.98844,6.43521,1.99000
"кредите",1,180,0.98838,6.42717,1.98982
"ERP",1,182,0.98825,6.41123,1.98947
"сборище",1,184,0.98812,6.39546,1.98912
"ухищрение",1,190,0.98773,6.34917,1.98807
"точить",1,193,0.98754,6.32656,1.98755
"нирвана",1,196,0.98735,6.30431,1.98703
"соотнести",1,198,0.98722,6.28967,1.98668
"неосознанно",1,207,0.98664,6.22553,1.98511
"Рогозин",1,209,0.98651,6.21166,1.98476
"устанавливать",2,8497,1.02632,1.86628,1.98398
"гм",1,218,0.98593,6.15084,1.98319
"наводка",1,219,0.98586,6.14423,1.98302
"чавес",1,220,0.98580,6.13766,1.98284
"чуять",1,222,0.98567,6.12461,1.98250
"декларировать",1,226,0.98541,6.09884,1.98180
"контекстную",1,251,0.98380,5.94748,1.97746
"ог",1,254,0.98360,5.93034,1.97694
"обоснованно",1,264,0.98296,5.87463,1.97521
"пятигорск",1,266,0.98283,5.86374,1.97486
"530",1,276,0.98218,5.81050,1.97313
"исключительно",2,8625,1.02048,1.84471,1.97287
"четырнадцать",1,283,0.98173,5.77436,1.97192
"Торонто",1,286,0.98154,5.75915,1.97140
"продумывать",1,287,0.98147,5.75411,1.97123
"прерываться",1,288,0.98141,5.74910,1.97106
"переписывать",1,292,0.98115,5.72920,1.97037
"реклама",3,17016,1.09781,1.44938,1.97037
"Analytics",1,296,0.98089,5.70957,1.96968
"безошибочно",1,301,0.98057,5.68540,1.96882
"провозглашать",1,302,0.98050,5.68062,1.96864
"столь",2,8676,1.01815,1.83621,1.96847
"гг",1,304,0.98037,5.67109,1.96830
"ПРО",1,322,0.97921,5.58810,1.96520
"затрудняться",1,327,0.97889,5.56587,1.96434
"Дина",1,327,0.97889,5.56587,1.96434
"приближать",1,329,0.97876,5.55708,1.96400
"ооо",1,330,0.97870,5.55270,1.96383
"конкретный",3,17140,1.09319,1.43890,1.96325
"человечность",1,346,0.97766,5.48439,1.96108
"взирать",1,348,0.97753,5.47608,1.96074
"обосновывать",1,348,0.97753,5.47608,1.96074
"ливень",1,354,0.97715,5.45142,1.95971
"артрита",1,355,0.97708,5.44735,1.95954
"устой",1,362,0.97663,5.41918,1.95834
"виднеться",1,372,0.97598,5.37986,1.95663
"чувак",1,376,0.97573,5.36443,1.95595
"впустую",1,382,0.97534,5.34159,1.95492
"пятилетка",1,386,0.97508,5.32656,1.95424
"заранее",2,8844,1.01048,1.80854,1.95407
"мастер-классов",1,387,0.97502,5.32283,1.95407
"устремиться",1,388,0.97495,5.31911,1.95390
"касание",1,398,0.97431,5.28240,1.95219
"лендинг",1,408,0.97366,5.24660,1.95049
"неважный",1,409,0.97360,5.24306,1.95032
"кровоток",1,410,0.97353,5.23954,1.95015
"водолей",1,425,0.97256,5.18770,1.94760
"помниться",1,425,0.97256,5.18770,1.94760
"уловка",1,427,0.97243,5.18093,1.94726
"Запорожье",1,431,0.97218,5.16748,1.94658
"типология",1,438,0.97172,5.14423,1.94540
"практичность",1,438,0.97172,5.14423,1.94540
"находить",2,8951,1.00560,1.79119,1.94497
"саморазвитие",1,441,0.97153,5.13439,1.94489
"необходимо",7,51562,1.38759,1.07236,1.94356
"тора",1,452,0.97082,5.09884,1.94302
"сопоставить",1,463,0.97011,5.06415,1.94116
"значить",2,9010,1.00291,1.78171,1.93998
"сегодня",7,51829,1.38107,1.06490,1.93711
"отцовство",1,487,0.96856,4.99124,1.93711
"тельце",1,488,0.96850,4.98828,1.93694
"чушь",1,509,0.96714,4.92750,1.93341
"неверно",1,514,0.96682,4.91340,1.93257
"-",72,610737,3.83858,0.86875,1.93080
"правоотношение",1,526,0.96604,4.88010,1.93055
"надлежать",1,531,0.96572,4.86645,1.92971
"5,5",1,540,0.96514,4.84221,1.92820
"страх",2,9151,0.99647,1.75931,1.92812
"коль",1,543,0.96494,4.83421,1.92770
"всегда",8,60852,1.43948,1.02600,1.92732
"какую-либо",1,549,0.96456,4.81836,1.92670
"снайпер",1,552,0.96436,4.81050,1.92619
"стрелок",1,552,0.96436,4.81050,1.92619
"Мурманск",1,554,0.96423,4.80528,1.92586
"наименее",1,558,0.96398,4.79490,1.92519
"поле",3,17832,1.06740,1.38180,1.92419
"вылетать",1,577,0.96275,4.74659,1.92202
"мы",41,347676,2.89771,0.86919,1.91706
"идентифицировать",1,630,0.95933,4.61981,1.91320
"последнее",1,634,0.95907,4.61068,1.91254
"тема",5,35634,1.20725,1.11998,1.90645
"Все-таки",1,674,0.95649,4.52242,1.90592
"графа",1,677,0.95629,4.51601,1.90543
"розница",1,684,0.95584,4.50117,1.90427
"маршал",1,686,0.95571,4.49696,1.90394
"усовершенствовать",1,697,0.95500,4.47401,1.90213
"распознать",1,709,0.95423,4.44938,1.90016
"карта",4,27048,1.12690,1.19579,1.90008
"провозгласить",1,710,0.95416,4.44735,1.89999
"воплощать",1,726,0.95313,4.41520,1.89737
"по-русски",1,736,0.95248,4.39546,1.89573
"email",1,739,0.95229,4.38959,1.89524
"являть",1,740,0.95223,4.38764,1.89507
"кейс",1,746,0.95184,4.37599,1.89409
"составитель",1,763,0.95074,4.34348,1.89131
"ботанический",1,769,0.95035,4.33218,1.89033
"упражнение",2,9618,0.97515,1.68750,1.88952
"полочка",1,774,0.95003,4.32283,1.88952
"зомби",1,783,0.94945,4.30615,1.88805
"конструирование",1,786,0.94926,4.30064,1.88756
"югра",1,791,0.94893,4.29149,1.88675
"реальный",3,18568,1.03996,1.32345,1.88376
"брать",3,18583,1.03940,1.32229,1.88295
"статья",6,45237,1.25722,1.03877,1.88293
"лексика",1,824,0.94680,4.23252,1.88138
"самолет",2,9761,0.96862,1.66621,1.87790
"внедрять",1,847,0.94532,4.19280,1.87766
"биологически",1,849,0.94519,4.18940,1.87733
"совершенно",3,18740,1.03355,1.31015,1.87448
"учительница",1,870,0.94383,4.15415,1.87394
"Егор",1,884,0.94293,4.13112,1.87168
"прицел",1,897,0.94209,4.11006,1.86959
"более-менее",1,908,0.94138,4.09247,1.86782
"подразумеваться",1,910,0.94125,4.08930,1.86750
"абитуриент",1,915,0.94093,4.08139,1.86670
"первая",2,9904,0.96209,1.64523,1.86638
"выявляться",1,917,0.94080,4.07824,1.86638
"d",1,923,0.94041,4.06883,1.86541
"ромашка",1,969,0.93744,3.99867,1.85805
"индексация",1,977,0.93693,3.98681,1.85678
"общем-то",1,980,0.93673,3.98238,1.85630
"усилие",2,10064,0.95479,1.62211,1.85359
"искать",3,19140,1.01864,1.27968,1.85311
"мотивировать",1,1007,0.93499,3.94317,1.85200
"единственно",1,1011,0.93473,3.93745,1.85136
"приблизить",1,1017,0.93434,3.92892,1.85041
"нападать",1,1022,0.93402,3.92184,1.84962
"разворачиваться",1,1022,0.93402,3.92184,1.84962
"рассматривать",2,10122,0.95214,1.61381,1.84898
"коалиция",1,1039,0.93292,3.89804,1.84692
"муха",1,1039,0.93292,3.89804,1.84692
"выравнивание",1,1049,0.93228,3.88422,1.84534
"выделить",2,10235,0.94698,1.59780,1.84005
"накладывать",1,1090,0.92963,3.82891,1.83887
"повториться",1,1102,0.92886,3.81311,1.83698
"примитивный",1,1103,0.92879,3.81180,1.83682
"понимание",2,10286,0.94466,1.59063,1.83604
"Иосиф",1,1118,0.92782,3.79232,1.83446
"замечательно",1,1122,0.92756,3.78716,1.83384
"состязание",1,1132,0.92692,3.77436,1.83227
"прибыль",2,10350,0.94173,1.58168,1.83101
"респондент",1,1162,0.92498,3.73663,1.82757
"ли",9,75225,1.38118,0.89002,1.82398
"исторически",1,1202,0.92240,3.68780,1.82134
"меньшинство",1,1206,0.92214,3.68301,1.82071
"педагогика",1,1216,0.92150,3.67109,1.81916
"выявлять",1,1216,0.92150,3.67109,1.81916
"коллектив",2,10508,0.93452,1.55982,1.81869
"пониматься",1,1220,0.92124,3.66636,1.81854
"предусматриваться",1,1221,0.92117,3.66517,1.81838
"терроризм",1,1233,0.92040,3.65106,1.81652
"1960",1,1239,0.92001,3.64406,1.81559
"желанный",1,1260,0.91866,3.61981,1.81234
"продвигать",1,1263,0.91846,3.61638,1.81187
"...",30,271954,2.27175,0.77291,1.81170
"прежде",3,19940,0.98882,1.22061,1.81131
"взор",1,1268,0.91814,3.61068,1.81110
"инъекция",1,1270,0.91801,3.60841,1.81079
"разбор",1,1271,0.91795,3.60727,1.81064
"картон",1,1276,0.91762,3.60161,1.80987
"рекламодатель",1,1279,0.91743,3.59822,1.80940
"более",10,85434,1.41811,0.85843,1.80919
"понять",4,29335,1.05308,1.07869,1.80906
"нужно",9,76194,1.36033,0.87156,1.80730
"чин",1,1309,0.91549,3.56477,1.80478
"детально",1,1311,0.91536,3.56257,1.80447
"жизненно",1,1317,0.91498,3.55598,1.80355
"фигурка",1,1317,0.91498,3.55598,1.80355
"завет",1,1324,0.91452,3.54833,1.80248
"кооператив",1,1327,0.91433,3.54507,1.80202
"оружие",2,10725,0.92462,1.53033,1.80194
"евангелие",1,1329,0.91420,3.54290,1.80171
"этика",1,1339,0.91356,3.53208,1.80017
"i.",1,1347,0.91304,3.52349,1.79895
"благодать",1,1355,0.91252,3.51494,1.79772
"нету",1,1363,0.91201,3.50645,1.79650
"ружье",1,1366,0.91181,3.50328,1.79604
"форекс",1,1388,0.91039,3.48023,1.79268
"прятаться",1,1390,0.91026,3.47815,1.79238
"смертельный",1,1393,0.91007,3.47504,1.79192
"медикамент",1,1406,0.90923,3.46164,1.78994
"винтовка",1,1410,0.90897,3.45754,1.78933
"пред",1,1420,0.90833,3.44735,1.78781
"озвучить",1,1422,0.90820,3.44532,1.78750
"вектор",1,1427,0.90787,3.44025,1.78674
"проявиться",1,1444,0.90678,3.42317,1.78416
"монстр",1,1459,0.90581,3.40826,1.78189
"федерация",3,20543,0.96635,1.17762,1.78058
"!",27,249566,2.09545,0.74485,1.77991
"содержание",3,20603,0.96411,1.17342,1.77756
"стимул",1,1489,0.90387,3.37889,1.77736
"перестройка",1,1498,0.90329,3.37020,1.77600
"стереотип",1,1515,0.90219,3.35392,1.77344
"пропуск",1,1530,0.90122,3.33971,1.77118
"выдвинуть",1,1535,0.90090,3.33500,1.77043
"лозунг",1,1536,0.90084,3.33406,1.77028
"держать",2,11142,0.90558,1.47530,1.77028
"арендатор",1,1537,0.90077,3.33312,1.77013
"предельно",1,1553,0.89974,3.31818,1.76773
"придумывать",1,1561,0.89922,3.31077,1.76653
"просвещение",1,1567,0.89884,3.30523,1.76563
"гигиена",1,1570,0.89864,3.30247,1.76518
"массивный",1,1578,0.89813,3.29514,1.76399
"выработать",1,1608,0.89619,3.26797,1.75951
"пушка",1,1609,0.89612,3.26707,1.75936
"лезть",1,1610,0.89606,3.26618,1.75921
"хирургия",1,1610,0.89606,3.26618,1.75921
"Вашингтон",1,1615,0.89574,3.26170,1.75846
"диагностический",1,1623,0.89522,3.25457,1.75727
"говорят",1,1630,0.89477,3.24837,1.75623
"кружок",1,1634,0.89451,3.24483,1.75564
"отыскать",1,1642,0.89399,3.23778,1.75445
"программа",8,69706,1.23738,0.83003,1.75296
"но",42,400282,2.49326,0.70068,1.75286
"скрываться",1,1656,0.89309,3.22553,1.75237
"сапог",1,1656,0.89309,3.22553,1.75237
"догадаться",1,1671,0.89212,3.21253,1.75015
"индивид",1,1684,0.89128,3.20135,1.74822
"рельеф",1,1685,0.89122,3.20049,1.74807
"же",23,216446,1.88215,0.71894,1.74710
"координация",1,1705,0.88993,3.18347,1.74512
"наставник",1,1738,0.88780,3.15581,1.74026
"полно",1,1741,0.88760,3.15332,1.73982
"спонсор",1,1747,0.88722,3.14836,1.73893
"вернее",1,1762,0.88625,3.13602,1.73673
"состоять",3,21427,0.93340,1.11684,1.73668
"наконец-то",1,1767,0.88592,3.13194,1.73600
"стиль",3,21452,0.93247,1.11516,1.73546
"нотариус",1,1772,0.88560,3.12786,1.73526
"вкладка",1,1773,0.88554,3.12704,1.73512
"забыть",2,11657,0.88207,1.41011,1.73212
"обосновать",1,1796,0.88405,3.10845,1.73175
"первоначально",1,1798,0.88392,3.10684,1.73146
"вибрация",1,1812,0.88302,3.09565,1.72941
"бомба",1,1818,0.88263,3.09089,1.72854
"заверить",1,1822,0.88237,3.08771,1.72795
"обострение",1,1829,0.88192,3.08218,1.72693
"операция",3,21639,0.92550,1.10264,1.72635
"Самара",1,1864,0.87966,3.05484,1.72184
"наметить",1,1864,0.87966,3.05484,1.72184
"совершенство",1,1868,0.87940,3.05174,1.72126
"привязать",1,1875,0.87895,3.04635,1.72024
"надо",6,51727,1.08617,0.84535,1.71718
"договоренность",1,1903,0.87714,3.02496,1.71619
"учредитель",1,1929,0.87547,3.00538,1.71243
"духи",1,1930,0.87540,3.00464,1.71229
"союзник",1,1931,0.87534,3.00389,1.71214
"ссылаться",1,1933,0.87521,3.00240,1.71185
"выброс",1,1933,0.87521,3.00240,1.71185
"заменять",1,1935,0.87508,3.00090,1.71157
"скорее",1,1974,0.87256,2.97212,1.70595
"пистолет",1,1976,0.87243,2.97065,1.70567
"обозначать",1,1977,0.87237,2.96992,1.70552
"пророк",1,1985,0.87185,2.96410,1.70437
"стрелять",1,1986,0.87179,2.96337,1.70423
"одиночество",1,1997,0.87108,2.95540,1.70265
"неизменный",1,2019,0.86966,2.93960,1.69950
"пока",5,42428,1.01110,0.86822,1.69799
"вообще",4,32337,0.95618,0.93812,1.69768
"обещание",1,2051,0.86759,2.91691,1.69494
"ложиться",1,2076,0.86598,2.89943,1.69138
"угрожать",1,2101,0.86436,2.88216,1.68783
"пугать",1,2112,0.86365,2.87463,1.68627
"принципиально",1,2113,0.86359,2.87394,1.68612
"вероятный",1,2132,0.86236,2.86103,1.68344
"рыбалка",1,2135,0.86217,2.85900,1.68301
"неизвестно",1,2150,0.86120,2.84890,1.68089
"питомец",1,2165,0.86023,2.83887,1.67878
"ковер",1,2169,0.85997,2.83621,1.67821
"атрибут",1,2174,0.85965,2.83289,1.67751
"ставиться",1,2176,0.85952,2.83156,1.67723
"раскрывать",1,2180,0.85926,2.82891,1.67666
"результат",8,74118,1.13668,0.74149,1.67336
"план",4,33147,0.93003,0.90243,1.66905
"^",1,2251,0.85468,2.78267,1.66670
"обычай",1,2253,0.85455,2.78139,1.66643
"вертолет",1,2254,0.85448,2.78075,1.66629
"воздействовать",1,2264,0.85384,2.77436,1.66489
"a",1,2267,0.85364,2.77245,1.66447
"кремль",1,2273,0.85326,2.76864,1.66363
"различать",1,2278,0.85293,2.76547,1.66294
"охватывать",1,2281,0.85274,2.76357,1.66252
"признак",2,12690,0.83491,1.28762,1.65848
"орудие",1,2311,0.85080,2.74472,1.65834
"банкротство",1,2321,0.85016,2.73849,1.65695
"обслуживать",1,2325,0.84990,2.73601,1.65640
"стрельба",1,2326,0.84984,2.73539,1.65626
"дистанция",1,2352,0.84816,2.71935,1.65266
"компетенция",1,2354,0.84803,2.71812,1.65238
"имидж",1,2366,0.84725,2.71079,1.65072
"ритуал",1,2378,0.84648,2.70349,1.64906
"ЖКХ",1,2382,0.84622,2.70106,1.64851
"прием",3,23320,0.86284,0.99470,1.64695
"характеризовать",1,2404,0.84480,2.68780,1.64548
"надежно",1,2427,0.84332,2.67406,1.64231
"точный",2,13000,0.82076,1.25280,1.63710
"кошелек",1,2482,0.83976,2.64173,1.63477
"конструктор",1,2492,0.83912,2.63593,1.63340
"прокат",1,2494,0.83899,2.63478,1.63313
"s",1,2498,0.83873,2.63246,1.63259
"поражать",1,2554,0.83512,2.60048,1.62496
"свобода",2,13194,0.81191,1.23143,1.62387
"шарик",1,2568,0.83421,2.59259,1.62306
"понравиться",2,13248,0.80944,1.22553,1.62022
"приспособление",1,2616,0.83111,2.56587,1.61657
"гражданство",1,2642,0.82944,2.55161,1.61306
"чего-то",1,2654,0.82866,2.54507,1.61144
"удерживать",1,2657,0.82847,2.54344,1.61104
"лечь",1,2669,0.82769,2.53694,1.60943
"пропаганда",1,2673,0.82743,2.53478,1.60889
"этап",3,24233,0.82881,0.93930,1.60558
"медленный",1,2700,0.82569,2.52028,1.60527
"курить",1,2716,0.82466,2.51175,1.60313
"ствол",1,2741,0.82304,2.49854,1.59979
"обрести",1,2751,0.82240,2.49328,1.59845
"исследование",4,35239,0.86250,0.81414,1.59762
"выйти",3,24414,0.82206,0.92856,1.59752
"разбить",1,2769,0.82124,2.48387,1.59606
"39",1,2771,0.82111,2.48283,1.59579
"митинг",1,2775,0.82085,2.48075,1.59526
"комментарий",2,13620,0.79246,1.18558,1.59526
"хозяйство",2,13637,0.79168,1.18378,1.59413
"важность",1,2812,0.81846,2.46164,1.59034
"а",53,569988,2.22553,0.52637,1.58707
"ритм",1,2854,0.81575,2.44025,1.58479
"ярко",1,2864,0.81510,2.43521,1.58347
"один",24,254672,1.54290,0.54570,1.58168
"скрывать",1,2886,0.81368,2.42417,1.58057
"насилие",1,2914,0.81187,2.41024,1.57688
"стоять",2,13917,0.77890,1.15446,1.57564
"Греция",1,2933,0.81065,2.40086,1.57439
"связывать",1,2943,0.81000,2.39595,1.57308
"устав",1,2952,0.80942,2.39154,1.57190
"представительство",1,2987,0.80716,2.37454,1.56733
"однако",6,58349,0.91164,0.67156,1.56565
"браться",1,3019,0.80510,2.35917,1.56316
"поправка",1,3082,0.80103,2.32937,1.55499
"реабилитация",1,3088,0.80064,2.32656,1.55421
"теперь",5,47769,0.85690,0.69716,1.55294
"значит",2,14370,0.75822,1.10825,1.54621
"тот",20,216336,1.34914,0.51804,1.54618
"Африка",1,3165,0.79567,2.29103,1.54429
"анкета",1,3172,0.79522,2.28784,1.54339
"экспедиция",1,3175,0.79503,2.28648,1.54300
"христианин",1,3177,0.79490,2.28557,1.54275
"рождение",2,14434,0.75530,1.10184,1.54211
"обучение",3,25699,0.77417,0.85456,1.54155
"пусть",2,14454,0.75439,1.09984,1.54082
"органический",1,3194,0.79380,2.27787,1.54057
"шаг",2,14497,0.75242,1.09555,1.53807
"убивать",1,3230,0.79147,2.26170,1.53596
"удовлетворить",1,3234,0.79122,2.25992,1.53545
"изложить",1,3237,0.79102,2.25858,1.53507
"обвинение",1,3265,0.78921,2.24615,1.53150
"приключение",1,3277,0.78844,2.24086,1.52998
"скрыть",1,3286,0.78786,2.23690,1.52883
"архитектор",1,3294,0.78734,2.23340,1.52782
"повезти",1,3295,0.78728,2.23296,1.52769
"лететь",1,3299,0.78702,2.23121,1.52718
"наполнить",1,3345,0.78405,2.21123,1.52136
"""",174,1979417,3.50323,0.44532,1.52043
"Сталин",1,3353,0.78353,2.20778,1.52035
"руль",1,3394,0.78089,2.19025,1.51518
"захватить",1,3398,0.78063,2.18855,1.51467
"студенческий",1,3406,0.78011,2.18516,1.51367
"выдержать",1,3422,0.77908,2.17840,1.51166
"двадцать",1,3423,0.77901,2.17798,1.51153
"раскрыть",1,3434,0.77830,2.17335,1.51015
"интеграция",1,3445,0.77759,2.16873,1.50877
",",788,9065926,7.22134,0.42905,1.50875
"башня",1,3474,0.77572,2.15664,1.50514
"мотивация",1,3483,0.77514,2.15291,1.50402
"избрать",1,3513,0.77320,2.14053,1.50028
"общественность",1,3534,0.77185,2.13194,1.49767
"политик",1,3565,0.76985,2.11934,1.49382
"весьма",2,15238,0.71860,1.02364,1.49146
"превращаться",1,3622,0.76617,2.09645,1.48677
"мастерство",1,3628,0.76578,2.09406,1.48603
"стимулировать",1,3629,0.76572,2.09367,1.48590
"освобождение",1,3658,0.76384,2.08218,1.48233
"сервис",2,15396,0.71138,1.00875,1.48172
"Новгород",1,3680,0.76242,2.07353,1.47963
"борт",1,3684,0.76216,2.07196,1.47914
"вмешательство",1,3704,0.76087,2.06415,1.47668
"вывод",2,15503,0.70650,0.99876,1.47515
"выражать",1,3719,0.75990,2.05832,1.47485
"стоить",6,62822,0.79375,0.56500,1.47163
";",19,216508,1.15223,0.44289,1.47107
"первую",2,15611,0.70157,0.98875,1.46856
"считать",4,39358,0.72954,0.65465,1.46655
"будущее",2,15667,0.69901,0.98358,1.46515
"создание",4,39466,0.72606,0.65070,1.46327
"толпа",1,3834,0.75248,2.01439,1.46084
"легенда",1,3838,0.75222,2.01288,1.46036
"похоже",1,3845,0.75177,2.01025,1.45951
":",55,649076,1.76590,0.39235,1.45551
"математика",1,3895,0.74854,1.99161,1.45347
"ваш",11,123592,0.91087,0.46323,1.45295
"проблема",7,75758,0.79718,0.51727,1.45221
"описывать",1,3934,0.74602,1.97724,1.44877
"партия",2,16052,0.68144,0.94856,1.44194
"опрос",1,4022,0.74034,1.94532,1.43823
"давайте",1,4025,0.74015,1.94425,1.43788
"санкция",1,4035,0.73950,1.94067,1.43668
"повторять",1,4048,0.73867,1.93603,1.43514
"учебник",1,4070,0.73724,1.92821,1.43252
"немец",1,4072,0.73712,1.92750,1.43228
"модернизация",1,4099,0.73537,1.91797,1.42908
"христианский",1,4101,0.73524,1.91726,1.42884
"вы",34,406086,1.33486,0.37506,1.42765
"снова",2,16472,0.66226,0.91129,1.41703
"экономия",1,4241,0.72621,1.86883,1.41234
"корпорация",1,4243,0.72608,1.86815,1.41211
"подход",2,16581,0.65729,0.90178,1.41064
"настоящий",4,41415,0.66314,0.58116,1.40530
"лук",1,4306,0.72201,1.84689,1.40474
"ноутбук",1,4308,0.72188,1.84622,1.40451
"они",33,401002,1.23799,0.35017,1.40240
"ролик",1,4339,0.71988,1.83587,1.40090
"талант",1,4355,0.71885,1.83056,1.39904
"отсюда",1,4372,0.71775,1.82494,1.39707
"артист",1,4381,0.71717,1.82198,1.39603
"настроить",1,4386,0.71684,1.82033,1.39545
")",64,789707,1.62716,0.32806,1.39437
"высший",2,16866,0.64428,0.87719,1.39406
"империя",1,4411,0.71523,1.81213,1.39255
"формировать",1,4414,0.71504,1.81115,1.39221
"компенсация",1,4426,0.71426,1.80723,1.39082
"кредит",2,16926,0.64154,0.87207,1.39059
"шоу",1,4473,0.71123,1.79199,1.38541
"уровень",6,67239,0.67733,0.46697,1.38443
"понятно",1,4492,0.71000,1.78588,1.38322
"выбирать",2,17079,0.63456,0.85909,1.38179
"д.",3,29698,0.62511,0.64591,1.38009
"мусор",1,4521,0.70813,1.77660,1.37989
"выиграть",1,4537,0.70710,1.77150,1.37806
"очевидный",1,4543,0.70671,1.76959,1.37738
"полицейский",1,4553,0.70606,1.76642,1.37623
"различие",1,4556,0.70587,1.76547,1.37589
"юг",1,4572,0.70484,1.76041,1.37406
"надпись",1,4595,0.70335,1.75317,1.37144
"Запад",1,4599,0.70309,1.75192,1.37098
"культура",3,29948,0.61579,0.63381,1.37057
"привычка",1,4613,0.70219,1.74753,1.36939
"задавать",1,4663,0.69896,1.73198,1.36372
"яндекс",1,4665,0.69883,1.73136,1.36349
"рыночный",1,4704,0.69631,1.71935,1.35908
"подходить",2,17514,0.61470,0.82280,1.35705
"автомат",1,4728,0.69476,1.71201,1.35637
"твой",2,17573,0.61200,0.81795,1.35372
"цель",5,56069,0.61726,0.46603,1.35301
"продолжительность",1,4762,0.69257,1.70167,1.35254
"грех",1,4782,0.69128,1.69562,1.35029
"искусство",2,17655,0.60826,0.81123,1.34912
"мышление",1,4795,0.69044,1.69171,1.34884
"процесс",6,69362,0.62138,0.42213,1.34432
"дача",1,4852,0.68676,1.67466,1.34246
"осмотр",1,4853,0.68670,1.67436,1.34235
"слишком",2,17814,0.60100,0.79830,1.34023
"соединить",1,4877,0.68515,1.66724,1.33967
"добро",1,4888,0.68444,1.66399,1.33844
"законодательный",1,4932,0.68159,1.65106,1.33355
"туризм",1,4952,0.68030,1.64523,1.33134
"как",43,552326,1.11970,0.27013,1.33018
"фирма",2,18012,0.59196,0.78235,1.32923
"конец",4,44112,0.57609,0.49014,1.32874
"бизнес",3,31116,0.57226,0.57862,1.32691
"появиться",3,31126,0.57189,0.57815,1.32654
"неизвестный",1,5006,0.67682,1.62958,1.32537
"вечный",1,5007,0.67675,1.62929,1.32526
"отряд",1,5010,0.67656,1.62843,1.32493
"встречать",1,5022,0.67578,1.62498,1.32360
"стратегический",1,5026,0.67553,1.62383,1.32316
"не",98,1275951,1.57845,0.25059,1.32247
"потратить",1,5043,0.67443,1.61896,1.32129
"употреблять",1,5056,0.67359,1.61524,1.31986
"видный",1,5069,0.67275,1.61154,1.31843
"некоторые",1,5072,0.67256,1.61068,1.31810
"дальний",1,5080,0.67204,1.60841,1.31722
"слух",1,5082,0.67191,1.60784,1.31701
"направить",2,18239,0.58160,0.76428,1.31673
"например",5,57766,0.56827,0.42302,1.31534
"ты",8,97294,0.60769,0.34896,1.31498
"философия",1,5119,0.66952,1.59738,1.31295
"непосредственный",1,5150,0.66752,1.58866,1.30957
"ситуация",4,44924,0.54988,0.46382,1.30646
"формула",1,5207,0.66384,1.57278,1.30336
"тон",1,5207,0.66384,1.57278,1.30336
"Во-первых",1,5229,0.66242,1.56670,1.30097
"первичный",1,5238,0.66184,1.56422,1.29999
"четкий",1,5250,0.66107,1.56092,1.29869
"позиция",2,18571,0.56645,0.73826,1.29864
"смотреть",3,31937,0.54166,0.54104,1.29700
"узкий",1,5311,0.65713,1.54425,1.29210
"планирование",1,5318,0.65668,1.54235,1.29135
"эффект",2,18716,0.55983,0.72704,1.29081
"наказание",1,5350,0.65461,1.53370,1.28790
"согласно",2,18881,0.55229,0.71437,1.28195
"обратно",1,5408,0.65086,1.51814,1.28168
"уверенность",1,5415,0.65041,1.51628,1.28093
"у",24,315640,0.73946,0.23606,1.28062
"здравоохранение",1,5493,0.64538,1.49564,1.27261
"п.",2,19086,0.54294,0.69879,1.27102
"шум",1,5532,0.64286,1.48544,1.26847
"обследование",1,5536,0.64260,1.48439,1.26804
"полагать",1,5569,0.64047,1.47582,1.26455
"целевой",1,5595,0.63879,1.46910,1.26180
"знакомство",1,5709,0.63143,1.44000,1.24982
"собраться",1,5738,0.62956,1.43269,1.24678
"словно",1,5752,0.62866,1.42917,1.24532
"следовать",4,47222,0.47570,0.39185,1.24522
"объединить",1,5790,0.62620,1.41967,1.24136
"ж",1,5817,0.62446,1.41296,1.23855
"валюта",1,5844,0.62272,1.40628,1.23575
"фактор",2,19794,0.51061,0.64625,1.23389
"разве",1,5937,0.61671,1.38350,1.22614
"следующий",4,48107,0.44713,0.36506,1.22231
"благо",1,5976,0.61420,1.37406,1.22213
"природа",2,20059,0.49852,0.62706,1.22023
"истинный",1,6023,0.61116,1.36276,1.21731
"нередко",1,6043,0.60987,1.35797,1.21526
"подробно",1,6070,0.60813,1.35154,1.21251
"проектирование",1,6108,0.60567,1.34254,1.20863
"практика",2,20405,0.48272,0.60239,1.20259
"ресурс",2,20451,0.48062,0.59914,1.20026
"нужный",4,49000,0.41830,0.33853,1.19956
"стенка",1,6209,0.59915,1.31888,1.19839
"хорошо",5,63602,0.39977,0.28417,1.19281
"допустить",1,6273,0.59502,1.30408,1.19194
"подсказать",1,6277,0.59476,1.30316,1.19154
"взгляд",2,20628,0.47254,0.58671,1.19134
"разработчик",1,6297,0.59347,1.29857,1.18953
"сам",7,92651,0.38497,0.22686,1.18735
"проживание",1,6328,0.59147,1.29149,1.18642
"спектакль",1,6348,0.59018,1.28694,1.18442
"2018",1,6349,0.59011,1.28671,1.18432
"факультет",1,6364,0.58915,1.28330,1.18282
"происхождение",1,6382,0.58798,1.27923,1.18102
"указание",1,6414,0.58592,1.27201,1.17783
"смочь",4,49881,0.38987,0.31282,1.17745
"политика",2,21058,0.45291,0.55694,1.16988
"выпустить",1,6499,0.58043,1.25302,1.16939
"потенциальный",1,6531,0.57836,1.24593,1.16622
"обращать",1,6548,0.57727,1.24218,1.16454
"сектор",1,6558,0.57662,1.23998,1.16356
"быстрый",2,21278,0.44287,0.54195,1.15903
"советовать",1,6604,0.57365,1.22990,1.15903
"сразу",3,36083,0.38712,0.36495,1.15474
"свой",26,374969,0.35151,0.10305,1.15331
"казаться",2,21401,0.43726,0.53363,1.15299
"евро",1,6676,0.56900,1.21425,1.15196
"он",36,522873,0.37397,0.09285,1.15173
"препарат",2,21442,0.43538,0.53087,1.15099
"объявление",1,6731,0.56545,1.20242,1.14659
"есть",1,6771,0.56287,1.19387,1.14270
"метод",3,36556,0.36949,0.34616,1.13937
"даже",8,111024,0.29430,0.15851,1.13826
"убить",1,6855,0.55745,1.17608,1.13456
"революция",1,6968,0.55015,1.15249,1.12367
"аспект",1,6996,0.54835,1.14671,1.12099
"структура",2,22146,0.40325,0.48426,1.11697
